experiment_id,f1_initial_exact,f1_mapped_exact,f1_cleaned_exact,f1_initial_substring,f1_mapped_substring,f1_cleaned_substring,f1_initial_fuzzy,f1_mapped_fuzzy,f1_cleaned_fuzzy
experiment_0_results,0.7490602453102453,0.7490602453102453,0.8083609908609908,0.8144654882154881,0.8144654882154881,0.870544733044733,0.8644400785854617,0.8644400785854617,0.9021842355175688
experiment_1_results,0.7454419191919192,0.7454419191919192,0.8042436267436268,0.8129214766714767,0.8129214766714767,0.8678902116402116,0.8610837438423646,0.8610837438423646,0.897998093422307
